DELETE FROM `creature_names` where entry = '18095';
DELETE FROM `creature_proto` where entry = '18095';
DELETE FROM `creature_spawns` WHERE `entry` IN ('17767', '17808', '17888', '17842', '17968');
DELETE FROM `creature_spawns` WHERE `entry` IN (SELECT `entry` FROM `creature_proto` WHERE `faction` = '1720');
DELETE FROM `creature_spawns` WHERE `entry` = '22856';
DELETE FROM `creature_spawns` WHERE `entry` = '23421';
REPLACE INTO `creatureloot` (`entryid`, `itemid`, `percentchance`, `heroicpercentchance`, `mincount`, `maxcount`, `ffa_loot`) VALUES('20387','24426','0.2','0','1','1','0');
REPLACE INTO `creatureloot` (`entryid`, `itemid`, `percentchance`, `heroicpercentchance`, `mincount`, `maxcount`, `ffa_loot`) VALUES('18129','24426','0.1','0','1','1','0');
REPLACE INTO `creature_names` (`entry`, `name`, `subname`, `info_str`, `Flags1`, `type`, `family`, `rank`, `unk4`, `spelldataid`, `male_displayid`, `female_displayid`, `male_displayid2`, `female_displayid2`, `unknown_float1`, `unknown_float2`, `civilian`, `leader`) VALUES('32775','Fire Nova Totem IX','','','0','11','0','0','0','0','4683','0','0','0','1','1',NULL,'0');
REPLACE INTO `creature_names` (`entry`, `name`, `subname`, `info_str`, `Flags1`, `type`, `family`, `rank`, `unk4`, `spelldataid`, `male_displayid`, `female_displayid`, `male_displayid2`, `female_displayid2`, `unknown_float1`, `unknown_float2`, `civilian`, `leader`) VALUES('32776','Fire Nova Totem VIII','','','0','11','0','0','0','0','4683','0','0','0','1','1',NULL,'0');
REPLACE INTO `creature_names` (`entry`, `name`, `subname`, `info_str`, `Flags1`, `type`, `family`, `rank`, `unk4`, `spelldataid`, `male_displayid`, `female_displayid`, `male_displayid2`, `female_displayid2`, `unknown_float1`, `unknown_float2`, `civilian`, `leader`) VALUES('24557','Kagani Nightstrike','','','0','7','0','0','0','0','22540','0','0','0','1','1',NULL,NULL);
REPLACE INTO `creature_names` (`entry`, `name`, `subname`, `info_str`, `Flags1`, `type`, `family`, `rank`, `unk4`, `spelldataid`, `male_displayid`, `female_displayid`, `male_displayid2`, `female_displayid2`, `unknown_float1`, `unknown_float2`, `civilian`, `leader`) VALUES('24553','Apoko','','','0','7','0','0','0','0','22541','0','0','0','1','1',NULL,NULL);
REPLACE INTO `creature_names` (`entry`, `name`, `subname`, `info_str`, `Flags1`, `type`, `family`, `rank`, `unk4`, `spelldataid`, `male_displayid`, `female_displayid`, `male_displayid2`, `female_displayid2`, `unknown_float1`, `unknown_float2`, `civilian`, `leader`) VALUES('24561','Yazzai','','','0','7','0','0','0','0','20986','0','0','0','1','1',NULL,NULL);
REPLACE INTO `creature_names` (`entry`, `name`, `subname`, `info_str`, `Flags1`, `type`, `family`, `rank`, `unk4`, `spelldataid`, `male_displayid`, `female_displayid`, `male_displayid2`, `female_displayid2`, `unknown_float1`, `unknown_float2`, `civilian`, `leader`) VALUES('24559','Warlord Salaris','','','0','7','0','0','0','0','22598','0','0','0','1','1',NULL,NULL);
REPLACE INTO `creature_names` (`entry`, `name`, `subname`, `info_str`, `Flags1`, `type`, `family`, `rank`, `unk4`, `spelldataid`, `male_displayid`, `female_displayid`, `male_displayid2`, `female_displayid2`, `unknown_float1`, `unknown_float2`, `civilian`, `leader`) VALUES('24555','Garaxxas','','','0','7','0','0','0','0','2007','0','0','0','1','1',NULL,NULL);
REPLACE INTO `creature_names` (`entry`, `name`, `subname`, `info_str`, `Flags1`, `type`, `family`, `rank`, `unk4`, `spelldataid`, `male_displayid`, `female_displayid`, `male_displayid2`, `female_displayid2`, `unknown_float1`, `unknown_float2`, `civilian`, `leader`) VALUES('24556','Zelfan','','','0','7','0','0','0','0','17457','0','0','0','1','1',NULL,NULL);
REPLACE INTO `creature_names` (`entry`, `name`, `subname`, `info_str`, `Flags1`, `type`, `family`, `rank`, `unk4`, `spelldataid`, `male_displayid`, `female_displayid`, `male_displayid2`, `female_displayid2`, `unknown_float1`, `unknown_float2`, `civilian`, `leader`) VALUES('24722','Fel Crystal','','','72','9','0','0','0','0','22669','0','0','0','1','1',NULL,'0');
REPLACE INTO `creature_names` (`entry`, `name`, `subname`, `info_str`, `Flags1`, `type`, `family`, `rank`, `unk4`, `spelldataid`, `male_displayid`, `female_displayid`, `male_displayid2`, `female_displayid2`, `unknown_float1`, `unknown_float2`, `civilian`, `leader`) VALUES('90001','DeathTrigger','','','0','10','0','0','0','0','11686','0','0','0','1','1',NULL,'0');
REPLACE INTO `creature_names` (`entry`, `name`, `subname`, `info_str`, `Flags1`, `type`, `family`, `rank`, `unk4`, `spelldataid`, `male_displayid`, `female_displayid`, `male_displayid2`, `female_displayid2`, `unknown_float1`, `unknown_float2`, `civilian`, `leader`) VALUES('90002','Archimonde','','','0','10','0','0','0','0','11686','0','0','0','1','1',NULL,'0');
REPLACE INTO `creature_names` (`entry`, `name`, `subname`, `info_str`, `Flags1`, `type`, `family`, `rank`, `unk4`, `spelldataid`, `male_displayid`, `female_displayid`, `male_displayid2`, `female_displayid2`, `unknown_float1`, `unknown_float2`, `civilian`, `leader`) VALUES('90003','Guardian de Puertas','','','0','10','0','0','0','0','11686','0','0','0','1','1',NULL,'0');
REPLACE INTO `creature_names` (`entry`, `name`, `subname`, `info_str`, `Flags1`, `type`, `family`, `rank`, `unk4`, `spelldataid`, `male_displayid`, `female_displayid`, `male_displayid2`, `female_displayid2`, `unknown_float1`, `unknown_float2`, `civilian`, `leader`) VALUES('18095','DoomFire','','','0','10','0','0','0','0','11686','0','0','0','1','1',NULL,'0');
REPLACE INTO `creature_names` (`entry`, `name`, `subname`, `info_str`, `Flags1`, `type`, `family`, `rank`, `unk4`, `spelldataid`, `male_displayid`, `female_displayid`, `male_displayid2`, `female_displayid2`, `unknown_float1`, `unknown_float2`, `civilian`, `leader`) VALUES('30004','ArchimondeTreeTrigger','','','0','0','0','0','0','0','11686','0','0','0','1','1',NULL,NULL);
REPLACE INTO `creature_names` (`entry`, `name`, `subname`, `info_str`, `Flags1`, `type`, `family`, `rank`, `unk4`, `spelldataid`, `male_displayid`, `female_displayid`, `male_displayid2`, `female_displayid2`, `unknown_float1`, `unknown_float2`, `civilian`, `leader`) VALUES('23469','Enslaved Soul','','','72','6','0','1','0','0','10771','0','0','0','6','1',NULL,'0');
REPLACE INTO `creature_names` (`entry`, `name`, `subname`, `info_str`, `Flags1`, `type`, `family`, `rank`, `unk4`, `spelldataid`, `male_displayid`, `female_displayid`, `male_displayid2`, `female_displayid2`, `unknown_float1`, `unknown_float2`, `civilian`, `leader`) VALUES('90005','Molten Punch Trigger','','','0','10','0','0','0','0','11686','0','0','0','1','1',NULL,'0');
REPLACE INTO `creature_names` (`entry`, `name`, `subname`, `info_str`, `Flags1`, `type`, `family`, `rank`, `unk4`, `spelldataid`, `male_displayid`, `female_displayid`, `male_displayid2`, `female_displayid2`, `unknown_float1`, `unknown_float2`, `civilian`, `leader`) VALUES('90006','Akama','','','0','7','0','3','0','0','20681','0','0','0','1','1','0','0');
REPLACE INTO `creature_names` (`entry`, `name`, `subname`, `info_str`, `Flags1`, `type`, `family`, `rank`, `unk4`, `spelldataid`, `male_displayid`, `female_displayid`, `male_displayid2`, `female_displayid2`, `unknown_float1`, `unknown_float2`, `civilian`, `leader`) VALUES('90007','Shade of Akama Trigger','','','0','10','0','0','0','0','11686','0','0','0','1','1',NULL,'0');
REPLACE INTO `creature_names` (`entry`, `name`, `subname`, `info_str`, `Flags1`, `type`, `family`, `rank`, `unk4`, `spelldataid`, `male_displayid`, `female_displayid`, `male_displayid2`, `female_displayid2`, `unknown_float1`, `unknown_float2`, `civilian`, `leader`) VALUES('90008','Shade of Akama Trigger','Soul Expel','','0','10','0','0','0','0','11686','0','0','0','1','1',NULL,'0');
REPLACE INTO `creature_names` (`entry`, `name`, `subname`, `info_str`, `Flags1`, `type`, `family`, `rank`, `unk4`, `spelldataid`, `male_displayid`, `female_displayid`, `male_displayid2`, `female_displayid2`, `unknown_float1`, `unknown_float2`, `civilian`, `leader`) VALUES('90023','Naj\'entus Spine Vendor','','','0','0','0','0','0','0','21174','0','0','0','1','1',NULL,NULL);
REPLACE INTO `creature_proto` (`entry`, `minlevel`, `maxlevel`, `faction`, `minhealth`, `maxhealth`, `mana`, `scale`, `npcflags`, `attacktime`, `attacktype`, `mindamage`, `maxdamage`, `rangedattacktime`, `rangedmindamage`, `rangedmaxdamage`, `Item1`, `Item2`, `Item3`, `respawntime`, `armor`, `resistance1`, `resistance2`, `resistance3`, `resistance4`, `resistance5`, `resistance6`, `combat_reach`, `bounding_radius`, `auras`, `boss`, `money`, `invisibility_type`, `death_state`, `walk_speed`, `run_speed`, `fly_speed`, `extra_a9_flags`, `auraimmune_flag`, `vehicle_entry`, `CanMove`) VALUES('32775','1','80','35','5','5','0','0','0','1500','0','0','0','0','0','0','0','0','0','360000','0','0','0','0','0','0','0','1','2.5','0','0','0','0','0','2.5','8','14','0','0','-1','7');
REPLACE INTO `creature_proto` (`entry`, `minlevel`, `maxlevel`, `faction`, `minhealth`, `maxhealth`, `mana`, `scale`, `npcflags`, `attacktime`, `attacktype`, `mindamage`, `maxdamage`, `rangedattacktime`, `rangedmindamage`, `rangedmaxdamage`, `Item1`, `Item2`, `Item3`, `respawntime`, `armor`, `resistance1`, `resistance2`, `resistance3`, `resistance4`, `resistance5`, `resistance6`, `combat_reach`, `bounding_radius`, `auras`, `boss`, `money`, `invisibility_type`, `death_state`, `walk_speed`, `run_speed`, `fly_speed`, `extra_a9_flags`, `auraimmune_flag`, `vehicle_entry`, `CanMove`) VALUES('32776','1','80','35','5','5','0','0','0','1500','0','0','0','0','0','0','0','0','0','360000','0','0','0','0','0','0','0','1','2.5','0','0','0','0','0','2.5','8','14','0','0','-1','7');
REPLACE INTO `creature_proto` (`entry`, `minlevel`, `maxlevel`, `faction`, `minhealth`, `maxhealth`, `mana`, `scale`, `npcflags`, `attacktime`, `attacktype`, `mindamage`, `maxdamage`, `rangedattacktime`, `rangedmindamage`, `rangedmaxdamage`, `Item1`, `Item2`, `Item3`, `respawntime`, `armor`, `resistance1`, `resistance2`, `resistance3`, `resistance4`, `resistance5`, `resistance6`, `combat_reach`, `bounding_radius`, `auras`, `boss`, `money`, `invisibility_type`, `death_state`, `walk_speed`, `run_speed`, `fly_speed`, `extra_a9_flags`, `auraimmune_flag`, `vehicle_entry`, `CanMove`) VALUES('24557','70','70','0','27','27','0','1','14','3000','0','2500','3000','0','0','0','0','0','0','0','2500','0','0','0','0','0','0','0','0','0','0','0','0','0','2.5','8','14','0','0','-1','7');
REPLACE INTO `creature_proto` (`entry`, `minlevel`, `maxlevel`, `faction`, `minhealth`, `maxhealth`, `mana`, `scale`, `npcflags`, `attacktime`, `attacktype`, `mindamage`, `maxdamage`, `rangedattacktime`, `rangedmindamage`, `rangedmaxdamage`, `Item1`, `Item2`, `Item3`, `respawntime`, `armor`, `resistance1`, `resistance2`, `resistance3`, `resistance4`, `resistance5`, `resistance6`, `combat_reach`, `bounding_radius`, `auras`, `boss`, `money`, `invisibility_type`, `death_state`, `walk_speed`, `run_speed`, `fly_speed`, `extra_a9_flags`, `auraimmune_flag`, `vehicle_entry`, `CanMove`) VALUES('24553','70','70','0','29','29','10','1','14','3000','0','2500','3000','0','0','0','0','0','0','0','2500','0','0','0','0','0','0','0','0','0','0','0','0','0','2.5','8','14','0','0','-1','7');
REPLACE INTO `creature_proto` (`entry`, `minlevel`, `maxlevel`, `faction`, `minhealth`, `maxhealth`, `mana`, `scale`, `npcflags`, `attacktime`, `attacktype`, `mindamage`, `maxdamage`, `rangedattacktime`, `rangedmindamage`, `rangedmaxdamage`, `Item1`, `Item2`, `Item3`, `respawntime`, `armor`, `resistance1`, `resistance2`, `resistance3`, `resistance4`, `resistance5`, `resistance6`, `combat_reach`, `bounding_radius`, `auras`, `boss`, `money`, `invisibility_type`, `death_state`, `walk_speed`, `run_speed`, `fly_speed`, `extra_a9_flags`, `auraimmune_flag`, `vehicle_entry`, `CanMove`) VALUES('24561','70','70','0','29','29','18','1','14','3000','0','2500','3000','0','0','0','0','0','0','0','2500','0','0','0','0','0','0','0','0','0','0','0','0','0','2.5','8','14','0','0','-1','7');
REPLACE INTO `creature_proto` (`entry`, `minlevel`, `maxlevel`, `faction`, `minhealth`, `maxhealth`, `mana`, `scale`, `npcflags`, `attacktime`, `attacktype`, `mindamage`, `maxdamage`, `rangedattacktime`, `rangedmindamage`, `rangedmaxdamage`, `Item1`, `Item2`, `Item3`, `respawntime`, `armor`, `resistance1`, `resistance2`, `resistance3`, `resistance4`, `resistance5`, `resistance6`, `combat_reach`, `bounding_radius`, `auras`, `boss`, `money`, `invisibility_type`, `death_state`, `walk_speed`, `run_speed`, `fly_speed`, `extra_a9_flags`, `auraimmune_flag`, `vehicle_entry`, `CanMove`) VALUES('24559','70','70','0','36','36','0','1','14','3000','0','10000','3000','0','0','0','0','0','0','0','2500','0','0','0','0','0','0','0','0','0','0','0','0','0','2.5','8','14','0','0','-1','7');
REPLACE INTO `creature_proto` (`entry`, `minlevel`, `maxlevel`, `faction`, `minhealth`, `maxhealth`, `mana`, `scale`, `npcflags`, `attacktime`, `attacktype`, `mindamage`, `maxdamage`, `rangedattacktime`, `rangedmindamage`, `rangedmaxdamage`, `Item1`, `Item2`, `Item3`, `respawntime`, `armor`, `resistance1`, `resistance2`, `resistance3`, `resistance4`, `resistance5`, `resistance6`, `combat_reach`, `bounding_radius`, `auras`, `boss`, `money`, `invisibility_type`, `death_state`, `walk_speed`, `run_speed`, `fly_speed`, `extra_a9_flags`, `auraimmune_flag`, `vehicle_entry`, `CanMove`) VALUES('24555','70','70','0','29','29','12','1','14','3000','0','2500','3000','0','0','0','0','0','0','0','2500','0','0','0','0','0','0','0','0','0','0','0','0','0','2.5','8','14','0','0','-1','7');
REPLACE INTO `creature_proto` (`entry`, `minlevel`, `maxlevel`, `faction`, `minhealth`, `maxhealth`, `mana`, `scale`, `npcflags`, `attacktime`, `attacktype`, `mindamage`, `maxdamage`, `rangedattacktime`, `rangedmindamage`, `rangedmaxdamage`, `Item1`, `Item2`, `Item3`, `respawntime`, `armor`, `resistance1`, `resistance2`, `resistance3`, `resistance4`, `resistance5`, `resistance6`, `combat_reach`, `bounding_radius`, `auras`, `boss`, `money`, `invisibility_type`, `death_state`, `walk_speed`, `run_speed`, `fly_speed`, `extra_a9_flags`, `auraimmune_flag`, `vehicle_entry`, `CanMove`) VALUES('24556','70','70','0','22','22','12','1','14','3000','0','2500','2500','0','0','0','0','0','0','0','2500','0','0','0','0','0','0','0','0','0','0','0','0','0','2.5','8','14','0','0','-1','7');
REPLACE INTO `creature_proto` (`entry`, `minlevel`, `maxlevel`, `faction`, `minhealth`, `maxhealth`, `mana`, `scale`, `npcflags`, `attacktime`, `attacktype`, `mindamage`, `maxdamage`, `rangedattacktime`, `rangedmindamage`, `rangedmaxdamage`, `Item1`, `Item2`, `Item3`, `respawntime`, `armor`, `resistance1`, `resistance2`, `resistance3`, `resistance4`, `resistance5`, `resistance6`, `combat_reach`, `bounding_radius`, `auras`, `boss`, `money`, `invisibility_type`, `death_state`, `walk_speed`, `run_speed`, `fly_speed`, `extra_a9_flags`, `auraimmune_flag`, `vehicle_entry`, `CanMove`) VALUES('24722','70','70','0','12575','12575','0','1','0','0','0','0','0','0','0','0','0','0','0','0','2500','0','0','0','0','0','0','0','0','0','0','0','0','0','2.5','8','14','0','0','-1','7');
REPLACE INTO `creature_proto` (`entry`, `minlevel`, `maxlevel`, `faction`, `minhealth`, `maxhealth`, `mana`, `scale`, `npcflags`, `attacktime`, `attacktype`, `mindamage`, `maxdamage`, `rangedattacktime`, `rangedmindamage`, `rangedmaxdamage`, `Item1`, `Item2`, `Item3`, `respawntime`, `armor`, `resistance1`, `resistance2`, `resistance3`, `resistance4`, `resistance5`, `resistance6`, `combat_reach`, `bounding_radius`, `auras`, `boss`, `money`, `invisibility_type`, `death_state`, `walk_speed`, `run_speed`, `fly_speed`, `extra_a9_flags`, `auraimmune_flag`, `vehicle_entry`, `CanMove`) VALUES('90001','70','70','35','1','1','0','1','0','1000','6','6000','7000','0','0','0','0','0','0','0','20','0','0','0','0','0','0','2','1','0','0','0','0','0','2.5','8','4','0','0','-1','7');
REPLACE INTO `creature_proto` (`entry`, `minlevel`, `maxlevel`, `faction`, `minhealth`, `maxhealth`, `mana`, `scale`, `npcflags`, `attacktime`, `attacktype`, `mindamage`, `maxdamage`, `rangedattacktime`, `rangedmindamage`, `rangedmaxdamage`, `Item1`, `Item2`, `Item3`, `respawntime`, `armor`, `resistance1`, `resistance2`, `resistance3`, `resistance4`, `resistance5`, `resistance6`, `combat_reach`, `bounding_radius`, `auras`, `boss`, `money`, `invisibility_type`, `death_state`, `walk_speed`, `run_speed`, `fly_speed`, `extra_a9_flags`, `auraimmune_flag`, `vehicle_entry`, `CanMove`) VALUES('90002','70','70','35','1','1','0','1','0','1000','6','6000','7000','0','0','0','0','0','0','0','20','0','0','0','0','0','0','2','1','0','0','0','0','0','2.5','8','4','0','0','-1','7');
REPLACE INTO `creature_proto` (`entry`, `minlevel`, `maxlevel`, `faction`, `minhealth`, `maxhealth`, `mana`, `scale`, `npcflags`, `attacktime`, `attacktype`, `mindamage`, `maxdamage`, `rangedattacktime`, `rangedmindamage`, `rangedmaxdamage`, `Item1`, `Item2`, `Item3`, `respawntime`, `armor`, `resistance1`, `resistance2`, `resistance3`, `resistance4`, `resistance5`, `resistance6`, `combat_reach`, `bounding_radius`, `auras`, `boss`, `money`, `invisibility_type`, `death_state`, `walk_speed`, `run_speed`, `fly_speed`, `extra_a9_flags`, `auraimmune_flag`, `vehicle_entry`, `CanMove`) VALUES('90003','70','70','35','1','1','0','1','0','1000','6','6000','7000','0','0','0','0','0','0','0','20','0','0','0','0','0','0','2','1','0','0','0','0','0','2.5','8','4','0','0','-1','7');
REPLACE INTO `creature_proto` (`entry`, `minlevel`, `maxlevel`, `faction`, `minhealth`, `maxhealth`, `mana`, `scale`, `npcflags`, `attacktime`, `attacktype`, `mindamage`, `maxdamage`, `rangedattacktime`, `rangedmindamage`, `rangedmaxdamage`, `Item1`, `Item2`, `Item3`, `respawntime`, `armor`, `resistance1`, `resistance2`, `resistance3`, `resistance4`, `resistance5`, `resistance6`, `combat_reach`, `bounding_radius`, `auras`, `boss`, `money`, `invisibility_type`, `death_state`, `walk_speed`, `run_speed`, `fly_speed`, `extra_a9_flags`, `auraimmune_flag`, `vehicle_entry`, `CanMove`) VALUES('18095','70','70','14','1','1','0','1','0','1000','6','6000','7000','0','0','0','0','0','0','0','20','0','0','0','0','0','0','2','1','0','0','0','0','0','2.5','8','4','0','0','-1','7');
REPLACE INTO `creature_proto` (`entry`, `minlevel`, `maxlevel`, `faction`, `minhealth`, `maxhealth`, `mana`, `scale`, `npcflags`, `attacktime`, `attacktype`, `mindamage`, `maxdamage`, `rangedattacktime`, `rangedmindamage`, `rangedmaxdamage`, `Item1`, `Item2`, `Item3`, `respawntime`, `armor`, `resistance1`, `resistance2`, `resistance3`, `resistance4`, `resistance5`, `resistance6`, `combat_reach`, `bounding_radius`, `auras`, `boss`, `money`, `invisibility_type`, `death_state`, `walk_speed`, `run_speed`, `fly_speed`, `extra_a9_flags`, `auraimmune_flag`, `vehicle_entry`, `CanMove`) VALUES('30004','70','70','35','10000','10000','0','1','0','1000','0','1','1','0','0','0','0','0','0','0','10000','0','0','0','0','0','0','1','1','0','0','0','0','0','2.5','8','14','0','0','-1','7');
REPLACE INTO `creature_proto` (`entry`, `minlevel`, `maxlevel`, `faction`, `minhealth`, `maxhealth`, `mana`, `scale`, `npcflags`, `attacktime`, `attacktype`, `mindamage`, `maxdamage`, `rangedattacktime`, `rangedmindamage`, `rangedmaxdamage`, `Item1`, `Item2`, `Item3`, `respawntime`, `armor`, `resistance1`, `resistance2`, `resistance3`, `resistance4`, `resistance5`, `resistance6`, `combat_reach`, `bounding_radius`, `auras`, `boss`, `money`, `invisibility_type`, `death_state`, `walk_speed`, `run_speed`, `fly_speed`, `extra_a9_flags`, `auraimmune_flag`, `vehicle_entry`, `CanMove`) VALUES('23469','70','70','14','13000','13000','0','2','0','2000','0','1200','1200','0','0','0','0','0','0','0','1002','0','0','0','0','0','0','1.5','0.533','0','0','61','0','0','2.5','8','14','0','0','-1','7');
REPLACE INTO `creature_proto` (`entry`, `minlevel`, `maxlevel`, `faction`, `minhealth`, `maxhealth`, `mana`, `scale`, `npcflags`, `attacktime`, `attacktype`, `mindamage`, `maxdamage`, `rangedattacktime`, `rangedmindamage`, `rangedmaxdamage`, `Item1`, `Item2`, `Item3`, `respawntime`, `armor`, `resistance1`, `resistance2`, `resistance3`, `resistance4`, `resistance5`, `resistance6`, `combat_reach`, `bounding_radius`, `auras`, `boss`, `money`, `invisibility_type`, `death_state`, `walk_speed`, `run_speed`, `fly_speed`, `extra_a9_flags`, `auraimmune_flag`, `vehicle_entry`, `CanMove`) VALUES('23085','70','70','14','13000','13000','0','2','0','2000','0','1200','1200','0','0','0','0','0','0','0','1002','0','0','0','0','0','0','1.5','0.533','0','0','61','0','0','2.5','8','14','0','0','-1','7');
REPLACE INTO `creature_proto` (`entry`, `minlevel`, `maxlevel`, `faction`, `minhealth`, `maxhealth`, `mana`, `scale`, `npcflags`, `attacktime`, `attacktype`, `mindamage`, `maxdamage`, `rangedattacktime`, `rangedmindamage`, `rangedmaxdamage`, `Item1`, `Item2`, `Item3`, `respawntime`, `armor`, `resistance1`, `resistance2`, `resistance3`, `resistance4`, `resistance5`, `resistance6`, `combat_reach`, `bounding_radius`, `auras`, `boss`, `money`, `invisibility_type`, `death_state`, `walk_speed`, `run_speed`, `fly_speed`, `extra_a9_flags`, `auraimmune_flag`, `vehicle_entry`, `CanMove`) VALUES('90005','70','70','35','1','1','0','1','0','1000','6','6000','7000','0','0','0','0','0','0','0','20','0','0','0','0','0','0','2','1','0','0','0','0','0','2.5','8','4','0','0','-1','7');
REPLACE INTO `creature_proto` (`entry`, `minlevel`, `maxlevel`, `faction`, `minhealth`, `maxhealth`, `mana`, `scale`, `npcflags`, `attacktime`, `attacktype`, `mindamage`, `maxdamage`, `rangedattacktime`, `rangedmindamage`, `rangedmaxdamage`, `Item1`, `Item2`, `Item3`, `respawntime`, `armor`, `resistance1`, `resistance2`, `resistance3`, `resistance4`, `resistance5`, `resistance6`, `combat_reach`, `bounding_radius`, `auras`, `boss`, `money`, `invisibility_type`, `death_state`, `walk_speed`, `run_speed`, `fly_speed`, `extra_a9_flags`, `auraimmune_flag`, `vehicle_entry`, `CanMove`) VALUES('90006','73','73','1858','480000','480000','338700','2','1','2000','0','350','550','0','0','0','0','0','0','0','360000','0','0','0','0','0','0','0','1.3','1.3','0','0','0','0','0','2.5','8','14','0','-1','7');
REPLACE INTO `creature_proto` (`entry`, `minlevel`, `maxlevel`, `faction`, `minhealth`, `maxhealth`, `mana`, `scale`, `npcflags`, `attacktime`, `attacktype`, `mindamage`, `maxdamage`, `rangedattacktime`, `rangedmindamage`, `rangedmaxdamage`, `Item1`, `Item2`, `Item3`, `respawntime`, `armor`, `resistance1`, `resistance2`, `resistance3`, `resistance4`, `resistance5`, `resistance6`, `combat_reach`, `bounding_radius`, `auras`, `boss`, `money`, `invisibility_type`, `death_state`, `walk_speed`, `run_speed`, `fly_speed`, `extra_a9_flags`, `auraimmune_flag`, `vehicle_entry`, `CanMove`) VALUES('90007','70','70','35','1','1','0','1','0','1000','6','6000','7000','0','0','0','0','0','0','0','20','0','0','0','0','0','0','2','1','0','0','0','0','0','2.5','8','4','0','0','-1','7');
REPLACE INTO `creature_proto` (`entry`, `minlevel`, `maxlevel`, `faction`, `minhealth`, `maxhealth`, `mana`, `scale`, `npcflags`, `attacktime`, `attacktype`, `mindamage`, `maxdamage`, `rangedattacktime`, `rangedmindamage`, `rangedmaxdamage`, `Item1`, `Item2`, `Item3`, `respawntime`, `armor`, `resistance1`, `resistance2`, `resistance3`, `resistance4`, `resistance5`, `resistance6`, `combat_reach`, `bounding_radius`, `auras`, `boss`, `money`, `invisibility_type`, `death_state`, `walk_speed`, `run_speed`, `fly_speed`, `extra_a9_flags`, `auraimmune_flag`, `vehicle_entry`, `CanMove`) VALUES('90008','70','70','35','1','1','0','1','0','1000','6','6000','7000','0','0','0','0','0','0','0','20','0','0','0','0','0','0','2','1','0','0','0','0','0','2.5','8','4','0','0','-1','7');
REPLACE INTO `creature_proto` (`entry`, `minlevel`, `maxlevel`, `faction`, `minhealth`, `maxhealth`, `mana`, `scale`, `npcflags`, `attacktime`, `attacktype`, `mindamage`, `maxdamage`, `rangedattacktime`, `rangedmindamage`, `rangedmaxdamage`, `Item1`, `Item2`, `Item3`, `respawntime`, `armor`, `resistance1`, `resistance2`, `resistance3`, `resistance4`, `resistance5`, `resistance6`, `combat_reach`, `bounding_radius`, `auras`, `boss`, `money`, `invisibility_type`, `death_state`, `walk_speed`, `run_speed`, `fly_speed`, `extra_a9_flags`, `auraimmune_flag`, `vehicle_entry`, `CanMove`) VALUES('23123','70','70','0','50000','50000','10000','1','14','3000','0','2000','2100','0','0','0','0','0','0','0','2500','0','0','0','0','0','0','0','0','0','0','0','0','0','2.5','8','14','0','0','-1','7');
REPLACE INTO `creature_proto` (`entry`, `minlevel`, `maxlevel`, `faction`, `minhealth`, `maxhealth`, `mana`, `scale`, `npcflags`, `attacktime`, `attacktype`, `mindamage`, `maxdamage`, `rangedattacktime`, `rangedmindamage`, `rangedmaxdamage`, `Item1`, `Item2`, `Item3`, `respawntime`, `armor`, `resistance1`, `resistance2`, `resistance3`, `resistance4`, `resistance5`, `resistance6`, `combat_reach`, `bounding_radius`, `auras`, `boss`, `money`, `invisibility_type`, `death_state`, `walk_speed`, `run_speed`, `fly_speed`, `extra_a9_flags`, `auraimmune_flag`, `vehicle_entry`, `CanMove`) VALUES('23111','70','70','0','50000','50000','10000','1','14','3000','0','2000','2500','0','0','0','0','0','0','0','2500','0','0','0','0','0','0','0','0','0','0','0','0','0','2.5','8','14','0','0','-1','7');
REPLACE INTO `creature_proto` (`entry`, `minlevel`, `maxlevel`, `faction`, `minhealth`, `maxhealth`, `mana`, `scale`, `npcflags`, `attacktime`, `attacktype`, `mindamage`, `maxdamage`, `rangedattacktime`, `rangedmindamage`, `rangedmaxdamage`, `Item1`, `Item2`, `Item3`, `respawntime`, `armor`, `resistance1`, `resistance2`, `resistance3`, `resistance4`, `resistance5`, `resistance6`, `combat_reach`, `bounding_radius`, `auras`, `boss`, `money`, `invisibility_type`, `death_state`, `walk_speed`, `run_speed`, `fly_speed`, `extra_a9_flags`, `auraimmune_flag`, `vehicle_entry`, `CanMove`) VALUES('90023','70','70','0','50000','50000','0','1','130','3000','0','100','100','0','0','0','0','0','0','0','2500','0','0','0','0','0','0','0','0','0','0','0','0','0','2.5','8','14','0','0','-1','7');
REPLACE INTO `creature_spawns` (`id`, `entry`, `map`, `position_x`, `position_y`, `position_z`, `orientation`, `movetype`, `displayid`, `faction`, `flags`, `bytes`, `bytes1`, `bytes2`, `emote_state`, `channel_spell`, `channel_target_sqlid`, `channel_target_sqlid_creature`, `standstate`, `MountedDisplayID`, `phase`, `vehicle`) VALUES('6000001','24557','585','123.397','19.1553','20.0049','4.9582','0','22540','14','0','0','0','0','0','0','0','0','0','0','1','0');
REPLACE INTO `creature_spawns` (`id`, `entry`, `map`, `position_x`, `position_y`, `position_z`, `orientation`, `movetype`, `displayid`, `faction`, `flags`, `bytes`, `bytes1`, `bytes2`, `emote_state`, `channel_spell`, `channel_target_sqlid`, `channel_target_sqlid_creature`, `standstate`, `MountedDisplayID`, `phase`, `vehicle`) VALUES('6000002','24553','585','121.66','14.2987','20.0048','5.7176','0','22541','14','0','0','0','0','0','0','0','0','0','0','1','0');
REPLACE INTO `creature_spawns` (`id`, `entry`, `map`, `position_x`, `position_y`, `position_z`, `orientation`, `movetype`, `displayid`, `faction`, `flags`, `bytes`, `bytes1`, `bytes2`, `emote_state`, `channel_spell`, `channel_target_sqlid`, `channel_target_sqlid_creature`, `standstate`, `MountedDisplayID`, `phase`, `vehicle`) VALUES('6000003','24561','585','120.385','10.5627','20.0048','5.9721','0','20986','14','0','0','0','0','0','0','0','0','0','0','1','0');
REPLACE INTO `creature_spawns` (`id`, `entry`, `map`, `position_x`, `position_y`, `position_z`, `orientation`, `movetype`, `displayid`, `faction`, `flags`, `bytes`, `bytes1`, `bytes2`, `emote_state`, `channel_spell`, `channel_target_sqlid`, `channel_target_sqlid_creature`, `standstate`, `MountedDisplayID`, `phase`, `vehicle`) VALUES('6000004','24559','585','130.339','17.9782','20.0048','4.2732','0','22598','14','0','0','0','0','0','0','0','0','0','0','1','0');
REPLACE INTO `creature_spawns` (`id`, `entry`, `map`, `position_x`, `position_y`, `position_z`, `orientation`, `movetype`, `displayid`, `faction`, `flags`, `bytes`, `bytes1`, `bytes2`, `emote_state`, `channel_spell`, `channel_target_sqlid`, `channel_target_sqlid_creature`, `standstate`, `MountedDisplayID`, `phase`, `vehicle`) VALUES('6000005','24555','585','132.235','17.124','20.0048','4.0219','0','2007','14','0','0','0','0','0','0','0','0','0','0','1','0');
REPLACE INTO `creature_spawns` (`id`, `entry`, `map`, `position_x`, `position_y`, `position_z`, `orientation`, `movetype`, `displayid`, `faction`, `flags`, `bytes`, `bytes1`, `bytes2`, `emote_state`, `channel_spell`, `channel_target_sqlid`, `channel_target_sqlid_creature`, `standstate`, `MountedDisplayID`, `phase`, `vehicle`) VALUES('6000006','24556','585','135.175','16.9856','20.0048','4.4146','0','17457','14','0','0','0','0','0','0','0','0','0','0','1','0');
REPLACE INTO `creature_spawns` (`id`, `entry`, `map`, `position_x`, `position_y`, `position_z`, `orientation`, `movetype`, `displayid`, `faction`, `flags`, `bytes`, `bytes1`, `bytes2`, `emote_state`, `channel_spell`, `channel_target_sqlid`, `channel_target_sqlid_creature`, `standstate`, `MountedDisplayID`, `phase`, `vehicle`) VALUES('6000007','24722','585','225.909','20.2695','-3.0614','6.1944','0','22669','14','0','0','0','0','0','0','0','0','0','0','1','0');
REPLACE INTO `creature_spawns` (`id`, `entry`, `map`, `position_x`, `position_y`, `position_z`, `orientation`, `movetype`, `displayid`, `faction`, `flags`, `bytes`, `bytes1`, `bytes2`, `emote_state`, `channel_spell`, `channel_target_sqlid`, `channel_target_sqlid_creature`, `standstate`, `MountedDisplayID`, `phase`, `vehicle`) VALUES('6000008','24722','585','225.925','-19.2606','-3.0554','0.1751','0','22669','14','0','0','0','0','0','0','0','0','0','0','1','0');
REPLACE INTO `creature_spawns` (`id`, `entry`, `map`, `position_x`, `position_y`, `position_z`, `orientation`, `movetype`, `displayid`, `faction`, `flags`, `bytes`, `bytes1`, `bytes2`, `emote_state`, `channel_spell`, `channel_target_sqlid`, `channel_target_sqlid_creature`, `standstate`, `MountedDisplayID`, `phase`, `vehicle`) VALUES('6000009','24722','585','248.558','-14.5607','3.7257','1.4941','0','22669','14','0','0','0','0','0','0','0','0','0','0','1','0');
REPLACE INTO `creature_spawns` (`id`, `entry`, `map`, `position_x`, `position_y`, `position_z`, `orientation`, `movetype`, `displayid`, `faction`, `flags`, `bytes`, `bytes1`, `bytes2`, `emote_state`, `channel_spell`, `channel_target_sqlid`, `channel_target_sqlid_creature`, `standstate`, `MountedDisplayID`, `phase`, `vehicle`) VALUES('6000010','24722','585','248.653','15.3494','3.6661','4.719','0','22669','14','0','0','0','0','0','0','0','0','0','0','1','0');
REPLACE INTO `creature_spawns` (`id`, `entry`, `map`, `position_x`, `position_y`, `position_z`, `orientation`, `movetype`, `displayid`, `faction`, `flags`, `bytes`, `bytes1`, `bytes2`, `emote_state`, `channel_spell`, `channel_target_sqlid`, `channel_target_sqlid_creature`, `standstate`, `MountedDisplayID`, `phase`, `vehicle`) VALUES('6000011','90023','564','405.295','795.261','14.6809','0.6839','0','21174','14','0','0','0','0','0','0','0','0','0','0','1','0');
REPLACE INTO `creature_spawns` (`id`, `entry`, `map`, `position_x`, `position_y`, `position_z`, `orientation`, `movetype`, `displayid`, `faction`, `flags`, `bytes`, `bytes1`, `bytes2`, `emote_state`, `channel_spell`, `channel_target_sqlid`, `channel_target_sqlid_creature`, `standstate`, `MountedDisplayID`, `phase`, `vehicle`) VALUES('6000012','23421','564','456.694','414.117','118.721','4.2586','0','21594','1849','33587200','2048','0','4097','0','0','0','0','0','0','1','0');
REPLACE INTO `creature_spawns` (`id`, `entry`, `map`, `position_x`, `position_y`, `position_z`, `orientation`, `movetype`, `displayid`, `faction`, `flags`, `bytes`, `bytes1`, `bytes2`, `emote_state`, `channel_spell`, `channel_target_sqlid`, `channel_target_sqlid_creature`, `standstate`, `MountedDisplayID`, `phase`, `vehicle`) VALUES('6000013','23421','564','457.763','390.117','118.721','2.25147','0','21594','1849','33587200','2048','0','4097','0','0','0','0','0','0','1','0');
REPLACE INTO `creature_spawns` (`id`, `entry`, `map`, `position_x`, `position_y`, `position_z`, `orientation`, `movetype`, `displayid`, `faction`, `flags`, `bytes`, `bytes1`, `bytes2`, `emote_state`, `channel_spell`, `channel_target_sqlid`, `channel_target_sqlid_creature`, `standstate`, `MountedDisplayID`, `phase`, `vehicle`) VALUES('6000014','23421','564','444.153','389.214','118.721','1.0821','0','21594','1849','33587200','2048','0','4097','0','0','0','0','0','0','1','0');
REPLACE INTO `creature_spawns` (`id`, `entry`, `map`, `position_x`, `position_y`, `position_z`, `orientation`, `movetype`, `displayid`, `faction`, `flags`, `bytes`, `bytes1`, `bytes2`, `emote_state`, `channel_spell`, `channel_target_sqlid`, `channel_target_sqlid_creature`, `standstate`, `MountedDisplayID`, `phase`, `vehicle`) VALUES('6000015','23421','564','438.279','401.258','118.721','0.0174533','0','21594','1849','33587200','2048','0','4097','0','0','0','0','0','0','1','0');
REPLACE INTO `creature_spawns` (`id`, `entry`, `map`, `position_x`, `position_y`, `position_z`, `orientation`, `movetype`, `displayid`, `faction`, `flags`, `bytes`, `bytes1`, `bytes2`, `emote_state`, `channel_spell`, `channel_target_sqlid`, `channel_target_sqlid_creature`, `standstate`, `MountedDisplayID`, `phase`, `vehicle`) VALUES('6000016','23421','564','463.186','401.64','118.721','3.19395','0','21594','1849','33587200','2048','0','4097','0','0','0','0','0','0','1','0');
REPLACE INTO `creature_spawns` (`id`, `entry`, `map`, `position_x`, `position_y`, `position_z`, `orientation`, `movetype`, `displayid`, `faction`, `flags`, `bytes`, `bytes1`, `bytes2`, `emote_state`, `channel_spell`, `channel_target_sqlid`, `channel_target_sqlid_creature`, `standstate`, `MountedDisplayID`, `phase`, `vehicle`) VALUES('6000017','22856','564','497.772','184.166','94.7049','4.67748','0','21146','1813','33554752','16908544','0','4097','0','0','0','0','0','0','1','0');
REPLACE INTO `gameobject_names` (`entry`, `Type`, `DisplayID`, `Name`, `spellfocus`, `sound1`, `sound2`, `sound3`, `sound4`, `sound5`, `sound6`, `sound7`, `sound8`, `sound9`, `unknown1`, `unknown2`, `unknown3`, `unknown4`, `unknown5`, `unknown6`, `unknown7`, `unknown8`, `unknown9`, `unknown10`, `unknown11`, `unknown12`, `unknown13`, `unknown14`) VALUES('186812','22','7537','Refreshment Table','43988','50','1','0','0','0','0','0','0','0','0','0','0','0','0','0','0','0','0','0','0','0','0','0');
REPLACE INTO `gameobject_names` (`entry`, `Type`, `DisplayID`, `Name`, `spellfocus`, `sound1`, `sound2`, `sound3`, `sound4`, `sound5`, `sound6`, `sound7`, `sound8`, `sound9`, `unknown1`, `unknown2`, `unknown3`, `unknown4`, `unknown5`, `unknown6`, `unknown7`, `unknown8`, `unknown9`, `unknown10`, `unknown11`, `unknown12`, `unknown13`, `unknown14`) VALUES('186811','18','7620','Refreshment Portal','3','43985','0','0','0','1','1','0','0','0','0','0','0','0','0','0','0','0','0','0','0','0','0','0');
REPLACE INTO `gameobject_names` (`entry`, `Type`, `DisplayID`, `Name`, `spellfocus`, `sound1`, `sound2`, `sound3`, `sound4`, `sound5`, `sound6`, `sound7`, `sound8`, `sound9`, `unknown1`, `unknown2`, `unknown3`, `unknown4`, `unknown5`, `unknown6`, `unknown7`, `unknown8`, `unknown9`, `unknown10`, `unknown11`, `unknown12`, `unknown13`, `unknown14`) VALUES('181622','18','7358','Soul Portal','3','29886','0','0','0','1','1','0','0','0','0','0','0','0','0','0','0','0','0','0','0','0','0','0');
REPLACE INTO `gameobject_names` (`entry`, `Type`, `DisplayID`, `Name`, `spellfocus`, `sound1`, `sound2`, `sound3`, `sound4`, `sound5`, `sound6`, `sound7`, `sound8`, `sound9`, `unknown1`, `unknown2`, `unknown3`, `unknown4`, `unknown5`, `unknown6`, `unknown7`, `unknown8`, `unknown9`, `unknown10`, `unknown11`, `unknown12`, `unknown13`, `unknown14`) VALUES('181621','22','7359','Soulwell','34130','10','1','0','0','0','0','0','0','0','0','0','0','0','0','0','0','0','0','0','0','0','0','0');
REPLACE INTO `gameobject_names` (`entry`, `Type`, `DisplayID`, `Name`, `spellfocus`, `sound1`, `sound2`, `sound3`, `sound4`, `sound5`, `sound6`, `sound7`, `sound8`, `sound9`, `unknown1`, `unknown2`, `unknown3`, `unknown4`, `unknown5`, `unknown6`, `unknown7`, `unknown8`, `unknown9`, `unknown10`, `unknown11`, `unknown12`, `unknown13`, `unknown14`) VALUES('185584','2','7362','Naj\'entus Spine','0','0','0','0','0','0','0','0','0','0','0','0','0','0','0','0','0','0','0','0','0','0','0','0');
REPLACE INTO `vendors` (`entry`, `item`, `amount`, `max_amount`, `inctime`, `extendedcost`) VALUES('18382','38229','1','1','0','0');
REPLACE INTO `vendors` (`entry`, `item`, `amount`, `max_amount`, `inctime`, `extendedcost`) VALUES('15165','38327','1','1','0','0');
REPLACE INTO `vendors` (`entry`, `item`, `amount`, `max_amount`, `inctime`, `extendedcost`) VALUES('15165','38328','1','1','0','0');
REPLACE INTO `vendors` (`entry`, `item`, `amount`, `max_amount`, `inctime`, `extendedcost`) VALUES('90023','32408','0','25','0','0');
UPDATE creature_proto SET respawntime='0' where entry IN (24696,24698,24697,24777,24553,24558,24554,24555,24557,21362,24674,24559,24561,24556,24761,24656,24715,24781,21364,24675,24745,24552,24815,24822,24684,24762,24683,24685,24687,24686,24689,24690,24688,25305,29341,1412,24664,24560,24723,24744);
UPDATE `creature_proto` SET `mindamage`='3500',`maxdamage`='4500',`faction` = '1719' WHERE `entry` IN ('17919', '17920', '17931', '17928', '17921', '17922', '17946', '17854', '3795', '3794', '17944', '18001', '17932', '17934', '18036', '17937', '17936', '17935', '23437', '17772', '18486', '18485', '18487', '17943', '17945', '18502', '17933', '17852', '23381', '7999', '17948');
UPDATE `creature_proto` SET `mindamage`='3500',`maxdamage`='4500',`faction` = '1719' WHERE `entry` IN ('17946', '17920', '17932', '17931', '17936', '17921', '17944', '17943', '18036', '17928', '17852', '3795', '17945', '18502', '18485', '17854', '7999', '17933', '17934', '18486', '17937', '25305', '17935', '17919', '17772', '3794', '18487', '17922', '17948', '18001');
UPDATE `creature_proto` SET `bounding_radius` = '5' WHERE `entry` IN ('17946', '17920', '17932', '17931', '17936', '17921', '17944', '17943', '18036', '17928', '17852', '3795', '17945', '18502', '18485', '17854', '7999', '17933', '17934', '18486', '17937', '25305', '17935', '17919', '17772', '3794', '18487', '17922', '17948', '18001');
UPDATE `creature_proto` SET `combat_reach` = '4' WHERE `entry` IN ('17946', '17920', '17932', '17931', '17936', '17921', '17944', '17943', '18036', '17928', '17852', '3795', '17945', '18502', '18485', '17854', '7999', '17933', '17934', '18486', '17937', '25305', '17935', '17919', '17772', '3794', '18487', '17922', '17948', '18001');
UPDATE `creature_proto` SET `minhealth`='450000', `maxhealth`='450000' WHERE `entry` IN ('17772','17852','17948');
UPDATE `creature_proto` SET `auras`='31308' WHERE `entry` IN ('17772');
UPDATE `creature_proto` SET `auras`='31943' WHERE `entry` IN ('18095');
UPDATE `creature_proto` SET `mindamage`='1000',`maxdamage`='1000',`minhealth`='50000',`maxhealth`='25000' WHERE `entry` = '17946';
UPDATE `creature_proto` SET `mindamage`='1000',`maxdamage`='1000' WHERE `entry` = '18036';
UPDATE `creature_proto` SET npcflags='35' where entry in (17772,17852);
UPDATE `creature_proto` set `respawntime` = '15' WHERE `entry` IN ('23398','23401','23399');
UPDATE `creature_proto` SET `mindamage`= '10000', `maxdamage` ='12000' WHERE `entry`= '22887';
UPDATE `creature_proto` SET `mindamage`= '7500', `maxdamage` ='7600' WHERE `entry`= '22887';
UPDATE `creature_names` SET `male_displayid`='11686' WHERE `entry` = '23398';
UPDATE `creature_proto` SET `faction` = '14' WHERE `entry` = '23469';
UPDATE `creature_proto` SET `minhealth`='10000000', `maxhealth` ='10000000' WHERE (`entry`='22856');
UPDATE `creatureloot` SET `entryid` = '23420' WHERE `entryid` IN ('23418','23419');
UPDATE `creature_proto` set `respawntime` = '0' WHERE `entry` IN (23028, 23028, 23028, 23028, 23028, 23028, 22515, 23018, 23239, 23237, 23236, 23235, 23232, 23223, 23222, 22965, 22964, 22963, 22962, 22960, 22959, 22957, 22956, 22955, 22954, 22953, 22952, 22951, 22950, 22949, 22948, 22947, 22946, 22945, 23196, 22939, 1420, 22917, 23172, 23030, 23033, 23047, 23049, 14881, 23330, 23337, 23339, 23086, 23087, 23089, 22841, 22844, 22845, 22846, 22847, 22848, 22849, 22853, 22855, 22856, 23374, 22869, 22871, 22873, 22875, 22876, 22877, 22878, 22879, 22880, 22881, 23394, 2914, 22883, 22884, 23397, 23398,22886, 23398, 23399, 22887, 23399, 23400, 23401, 23402, 23403, 23147, 22898, 23410, 23411, 23157, 23158, 23159, 23421);